{
  "generated_at": "2026-05-02T00:14:40.962313+00:00",
  "stem": "fig_gamma_vs_inv_delta",
  "params": {
    "N": 10,
    "backend": "numpy",
    "delta_l": [
      0.4,
      0.6000000000000001,
      0.8,
      1.0,
      1.2000000000000002,
      1.4,
      1.6,
      1.8000000000000003,
      2.0,
      2.2,
      2.4,
      2.6,
      2.8000000000000003,
      3.0
    ],
    "gammas": [
      0.25499879409627496,
      0.3181870777283175,
      0.3859861401324299,
      0.4580793643725777,
      0.5350862086531948,
      0.6179734707339729,
      0.7071330196505123,
      0.8014368476276776,
      0.8977166316021152,
      0.9909682339448924,
      1.0752376764836094,
      1.1447505283078576,
      1.194821651231253,
      1.2223442044378234
    ],
    "fit_A": 1.292573021801175,
    "fit_B": 0.7800926388236558,
    "t_max": 3.0,
    "n_times": 121
  }
}