{
  "generated_at": "2026-04-29T00:18:20.536271+00:00",
  "stem": "fig_bubble_histogram",
  "params": {
    "N": 10,
    "backend": "numpy",
    "off_resonance_delta_l": 0.6,
    "on_resonance_delta_l": 2.5,
    "off_means": {
      "1": 0.36573011952158824,
      "2": 0.10288129860358095,
      "3": 0.09611321834042777
    },
    "on_means": {
      "1": 0.5954939237114358,
      "2": 0.49040984555126643,
      "3": 0.5347211609409804
    },
    "t_max": 3.0
  }
}