{
  "generated_at": "2026-04-29T00:33:13.996038+00:00",
  "stem": "fig_gamma_vs_inv_delta",
  "params": {
    "N": 8,
    "backend": "numpy",
    "delta_l": [
      0.4,
      0.6000000000000001,
      0.8,
      1.0,
      1.2000000000000002,
      1.4,
      1.6,
      1.8000000000000003,
      2.0,
      2.2,
      2.4,
      2.6,
      2.8000000000000003,
      3.0
    ],
    "gammas": [
      0.254900717711294,
      0.3181168794590336,
      0.3859463478544413,
      0.45807097722403295,
      0.535096360981673,
      0.6179767725842255,
      0.7071018618550314,
      0.8013514057833523,
      0.89756983445511,
      0.9907656957654971,
      1.0749941166196344,
      1.144484802014944,
      1.1945524698217032,
      1.222087692065399
    ],
    "fit_A": 1.2924434307963073,
    "fit_B": 0.7801540000000682,
    "t_max": 3.0,
    "n_times": 121
  }
}